{"cameraMode":{"drawMode":0,"name":"Shaded","section":"Shading Mode"},"sceneLighting":true,"audioPlay":false,"sceneViewState":{"showFog":true,"showMaterialUpdate":false,"showSkybox":true,"showFlares":true,"showImageEffects":true,"showParticleSystems":true},"in2DMode":false,"pivot":{"x":-1.1927531957626343,"y":1.667615294456482,"z":-8.571887969970704},"rotation":{"x":0.03290627524256706,"y":0.841294527053833,"z":0.051542978733778,"w":-0.5371071696281433},"size":1.2304787635803223,"orthographic":false}