{"cameraMode":{"drawMode":0,"name":"Shaded","section":"Shading Mode"},"sceneLighting":true,"audioPlay":false,"sceneViewState":{"showFog":true,"showMaterialUpdate":false,"showSkybox":true,"showFlares":true,"showImageEffects":true,"showParticleSystems":true},"in2DMode":false,"pivot":{"x":-0.4845721125602722,"y":1.7781739234924317,"z":-7.802165508270264},"rotation":{"x":-0.06655429303646088,"y":0.22696009278297425,"z":-0.015547655522823334,"w":-0.9715029001235962},"size":2.505584955215454,"orthographic":false}