{"cameraMode":{"drawMode":0,"name":"Shaded","section":"Shading Mode"},"sceneLighting":true,"audioPlay":false,"sceneViewState":{"showFog":true,"showMaterialUpdate":false,"showSkybox":true,"showFlares":true,"showImageEffects":true,"showParticleSystems":true},"in2DMode":false,"pivot":{"x":-0.4311419427394867,"y":-1.4309238195419312,"z":-7.827896595001221},"rotation":{"x":-0.5961859822273254,"y":0.04475057125091553,"z":-0.03331117704510689,"w":-0.8009057641029358},"size":2.8055849075317385,"orthographic":false}