{"cameraMode":{"drawMode":0,"name":"Shaded","section":"Shading Mode"},"sceneLighting":true,"audioPlay":false,"sceneViewState":{"showFog":true,"showMaterialUpdate":false,"showSkybox":true,"showFlares":true,"showImageEffects":true,"showParticleSystems":true},"in2DMode":false,"pivot":{"x":0.8849397897720337,"y":0.2983554005622864,"z":-12.797504425048829},"rotation":{"x":-0.012215349823236466,"y":-0.9807037711143494,"z":0.06512946635484696,"w":-0.1839270293712616},"size":6.738285541534424,"orthographic":false}